Saison;Catégorie;Article
Hiver;Légumes;Ail
Hiver;Légumes;Betterave
Hiver;Légumes;Carotte
Hiver;Légumes;Céleri-rave
Hiver;Légumes;Chou
Hiver;Légumes;Crosne
Hiver;Légumes;Endive
Hiver;Légumes;Épinard
Hiver;Légumes;Frisée
Hiver;Légumes;Mâche
Hiver;Légumes;Navet
Hiver;Légumes;Panais
Hiver;Légumes;Poireau
Hiver;Légumes;Radis
Hiver;Légumes;Salsifi
Hiver;Légumes;Topinambour
Hiver;Fruits;Amande sèche
Hiver;Fruits;Citron
Hiver;Fruits;Clémentine
Hiver;Fruits;Kaki
Hiver;Fruits;Kiwi
Hiver;Fruits;Mandarine
Hiver;Fruits;Orange
Hiver;Fruits;Pamplemousse
Hiver;Fruits;Physalis
Hiver;Fruits;Poire
Hiver;Fruits;Pomme
Hiver;Céréales & légumineuses;Lentille
Hiver;Légumes;Ail
Hiver;Légumes;Betterave
Hiver;Légumes;Carotte
Hiver;Légumes;Céleri
Hiver;Légumes;Céleri-rave
Hiver;Légumes;Chou
Hiver;Légumes;Endive
Hiver;Légumes;Épinard
Hiver;Légumes;Frisée
Hiver;Légumes;Mâche
Hiver;Légumes;Navet
Hiver;Légumes;Panais
Hiver;Légumes;Poireau
Hiver;Légumes;Radis
Hiver;Légumes;Topinambour
Hiver;Fruits;Amande sèche
Hiver;Fruits;Citron
Hiver;Fruits;Clémentine
Hiver;Fruits;Kiwi
Hiver;Fruits;Mandarine
Hiver;Fruits;Orange
Hiver;Fruits;Pamplemousse
Hiver;Fruits;Physalis
Hiver;Fruits;Poire
Hiver;Fruits;Pomme
Hiver;Céréales & légumineuses;Lentille
Printemps;Légumes;Ail
Printemps;Légumes;Asperge
Printemps;Légumes;Betterave
Printemps;Légumes;Blette
Printemps;Légumes;Carotte
Printemps;Légumes;Céleri-rave
Printemps;Légumes;Chou
Printemps;Légumes;Courge
Printemps;Légumes;Endive
Printemps;Légumes;Épinard
Printemps;Légumes;Frisée
Printemps;Légumes;Navet
Printemps;Légumes;Panais
Printemps;Légumes;Poireau
Printemps;Légumes;Radis
Printemps;Légumes;Salsifi
Printemps;Légumes;Topinambour
Printemps;Fruits;Amande sèche
Printemps;Fruits;Citron
Printemps;Fruits;Kiwi
Printemps;Fruits;Mandarine
Printemps;Fruits;Orange
Printemps;Fruits;Pamplemousse
Printemps;Fruits;Poire
Printemps;Fruits;Pomme
Printemps;Céréales & légumineuses;Lentille
Printemps;Légumes;Ail
Printemps;Légumes;Artichaut
Printemps;Légumes;Asperge
Printemps;Légumes;Betterave
Printemps;Légumes;Blette
Printemps;Légumes;Carotte
Printemps;Légumes;Chou-fleur
Printemps;Légumes;Concombre
Printemps;Légumes;Endive
Printemps;Légumes;Épinard
Printemps;Légumes;Frisée
Printemps;Fruits;Amande sèche
Printemps;Fruits;Citron
Printemps;Fruits;Pamplemousse
Printemps;Fruits;Poire
Printemps;Fruits;Pomme
Printemps;Légumes;Ail
Printemps;Légumes;Artichaut
Printemps;Légumes;Asperge
Printemps;Légumes;Aubergine
Printemps;Légumes;Betterave
Printemps;Légumes;Blette
Printemps;Légumes;Carotte
Printemps;Légumes;Chou-fleur
Printemps;Légumes;Concombre
Printemps;Légumes;Courgette
Printemps;Légumes;Épinard
Printemps;Légumes;Laitue
Printemps;Légumes;Navet
Printemps;Légumes;Oignon
Printemps;Légumes;Petit pois
Printemps;Légumes;Radis
Printemps;Légumes;Tomate
Printemps;Fruits;Amande sèche
Printemps;Fruits;Pamplemousse
Printemps;Fruits;Rhubarbe
Été;Légumes;Ail
Été;Légumes;Artichaut
Été;Légumes;Asperge
Été;Légumes;Aubergine
Été;Légumes;Brocoli
Été;Légumes;Carotte
Été;Légumes;Chou romanesco
Été;Légumes;Concombre
Été;Légumes;Courgette
Été;Légumes;Fenouil
Été;Légumes;Haricot vert
Été;Légumes;Laitue
Été;Légumes;Navet
Été;Légumes;Petit pois
Été;Légumes;Poivron
Été;Légumes;Radis
Été;Légumes;Tomate
Été;Fruits;Abricot
Été;Fruits;Amande sèche
Été;Fruits;Brugnon
Été;Fruits;Cassis
Été;Fruits;Cerise
Été;Fruits;Citron
Été;Fruits;Fraise
Été;Fruits;Framboise
Été;Fruits;Groseille
Été;Fruits;Melon
Été;Fruits;Pastèque
Été;Fruits;Pêche
Été;Fruits;Pomme
Été;Fruits;Prune
Été;Fruits;Rhubarbe
Été;Céréales & légumineuses;Avoine
Été;Céréales & légumineuses;Orge d'hiver
Été;Céréales & légumineuses;Pois
Été;Céréales & légumineuses;Seigle
Été;Légumes;Ail
Été;Légumes;Artichaut
Été;Légumes;Aubergine
Été;Légumes;Betterave
Été;Légumes;Blette
Été;Légumes;Brocoli
Été;Légumes;Carotte
Été;Légumes;Céleri-branche
Été;Légumes;Chou
Été;Légumes;Concombre
Été;Légumes;Courgette
Été;Légumes;Épinard
Été;Légumes;Fenouil
Été;Légumes;Haricot vert
Été;Légumes;Laitue
Été;Légumes;Petit pois
Été;Légumes;Poivron
Été;Légumes;Radis
Été;Légumes;Tomate
Été;Fruits;Abricot
Été;Fruits;Amande fraiche
Été;Fruits;Amande sèche
Été;Fruits;Brugnon
Été;Fruits;Cassis
Été;Fruits;Cerise
Été;Fruits;Fraise
Été;Fruits;Framboise
Été;Fruits;Groseille
Été;Fruits;Melon
Été;Fruits;Mirabelle
Été;Fruits;Mûre
Été;Fruits;Myrtille
Été;Fruits;Nectarine
Été;Fruits;Pastèque
Été;Fruits;Pêche
Été;Fruits;Poire
Été;Fruits;Prune
Été;Fruits;Rhubarbe
Été;Céréales & légumineuses;Avoine
Été;Céréales & légumineuses;Blé dur
Été;Céréales & légumineuses;Blé tendre
Été;Céréales & légumineuses;Féveroles et fèves
Été;Céréales & légumineuses;Haricot blanc
Été;Céréales & légumineuses;Maïs
Été;Céréales & légumineuses;Orge
Été;Céréales & légumineuses;Pois
Été;Céréales & légumineuses;Seigle
Été;Légumes;Ail
Été;Légumes;Artichaut
Été;Légumes;Aubergine
Été;Légumes;Betterave
Été;Légumes;Blette
Été;Légumes;Brocoli
Été;Légumes;Carotte
Été;Légumes;Céleri-branche
Été;Légumes;Chou
Été;Légumes;Concombre
Été;Légumes;Courge
Été;Légumes;Courgette
Été;Légumes;Épinard
Été;Légumes;Fenouil
Été;Légumes;Haricot vert
Été;Légumes;Laitue
Été;Légumes;Poivron
Été;Légumes;Radis
Été;Légumes;Tomate
Été;Fruits;Abricot
Été;Fruits;Amande fraiche
Été;Fruits;Amande sèche
Été;Fruits;Baie de goji
Été;Fruits;Brugnon
Été;Fruits;Cassis
Été;Fruits;Figue
Été;Fruits;Groseille
Été;Fruits;Melon
Été;Fruits;Mirabelle
Été;Fruits;Mûre
Été;Fruits;Myrtille
Été;Fruits;Nectarine
Été;Fruits;Noisette
Été;Fruits;Pastèque
Été;Fruits;Pêche
Été;Fruits;Poire
Été;Fruits;Prune
Été;Céréales & légumineuses;Haricot blanc
Été;Céréales & légumineuses;Maïs
Été;Céréales & légumineuses;Orge
Été;Céréales & légumineuses;Pois
Été;Céréales & légumineuses;Quinoa
Été;Céréales & légumineuses;Riz
Été;Céréales & légumineuses;Sarrasin
Été;Céréales & légumineuses;Tournesol
Automne;Légumes;Ail
Automne;Légumes;Artichaut
Automne;Légumes;Aubergine
Automne;Légumes;Betterave
Automne;Légumes;Blette
Automne;Légumes;Brocoli
Automne;Légumes;Carotte
Automne;Légumes;Céleri-branche
Automne;Légumes;Chou
Automne;Légumes;Courge
Automne;Légumes;Courgette
Automne;Légumes;Épinard
Automne;Légumes;Fenouil
Automne;Légumes;Frisée
Automne;Légumes;Haricot vert
Automne;Légumes;Laitue
Automne;Légumes;Panais
Automne;Légumes;Poireau
Automne;Légumes;Poivron
Automne;Légumes;Potiron
Automne;Légumes;Radis
Automne;Légumes;Tomate
Automne;Fruits;Amande sèche
Automne;Fruits;Baie de goji
Automne;Fruits;Coing
Automne;Fruits;Figue
Automne;Fruits;Melon
Automne;Fruits;Myrtille
Automne;Fruits;Noisette
Automne;Fruits;Noix
Automne;Fruits;Pastèque
Automne;Fruits;Pêche
Automne;Fruits;Poire
Automne;Fruits;Pomme
Automne;Fruits;Prune
Automne;Fruits;Pruneau
Automne;Fruits;Raisin
Automne;Céréales & légumineuses;Avoine
Automne;Céréales & légumineuses;Blé dur
Automne;Céréales & légumineuses;Blé tendre
Automne;Céréales & légumineuses;Féveroles et fèves
Automne;Céréales & légumineuses;Haricot blanc
Automne;Céréales & légumineuses;Maïs
Automne;Légumes;Ail
Automne;Légumes;Aubergine
Automne;Légumes;Betterave
Automne;Légumes;Brocoli
Automne;Légumes;Carotte
Automne;Légumes;Céleri
Automne;Légumes;Chou
Automne;Légumes;Courge
Automne;Légumes;Courgette
Automne;Légumes;Échalote
Automne;Légumes;Endive
Automne;Légumes;Épinard
Automne;Légumes;Fenouil
Automne;Légumes;Frisée
Automne;Légumes;Haricot vert
Automne;Légumes;Laitue
Automne;Légumes;Navet
Automne;Légumes;Panais
Automne;Légumes;Poireau
Automne;Légumes;Radis
Automne;Légumes;Rutabaga
Automne;Légumes;Salsifi
Automne;Légumes;Topinambour
Automne;Légumes;Tomate
Automne;Fruits;Amande sèche
Automne;Fruits;Baie de goji
Automne;Fruits;Châtaigne
Automne;Fruits;Citron
Automne;Fruits;Clémentine
Automne;Fruits;Coing
Automne;Fruits;Figue
Automne;Fruits;Kaki
Automne;Fruits;Kiwi
Automne;Fruits;Mandarine
Automne;Fruits;Myrtille
Automne;Fruits;Noisette
Automne;Fruits;Noix
Automne;Fruits;Orange
Automne;Fruits;Physalis
Automne;Fruits;Poire
Automne;Fruits;Pomme
Automne;Fruits;Raisin
Automne;Céréales & légumineuses;Avoine
Automne;Céréales & légumineuses;Blé dur
Automne;Céréales & légumineuses;Blé tendre
Automne;Céréales & légumineuses;Haricot blanc
Automne;Céréales & légumineuses;Maïs
Automne;Céréales & légumineuses;Quinoa
Automne;Céréales & légumineuses;Riz
Automne;Céréales & légumineuses;Sarrasin
Automne;Céréales & légumineuses;Soja
Automne;Légumes;Ail
Automne;Légumes;Betterave
Automne;Légumes;Cardon
Automne;Légumes;Carotte
Automne;Légumes;Céleri
Automne;Légumes;Chou
Automne;Légumes;Courge
Automne;Légumes;Crosne
Automne;Légumes;Échalote
Automne;Légumes;Endive
Automne;Légumes;Épinard
Automne;Légumes;Frisée
Automne;Légumes;Mâche
Automne;Légumes;Navet
Automne;Légumes;Panais
Automne;Légumes;Poireau
Automne;Légumes;Radis
Automne;Légumes;Rutabaga
Automne;Légumes;Salsifi
Automne;Légumes;Topinambour
Automne;Fruits;Amande sèche
Automne;Fruits;Châtaigne
Automne;Fruits;Citron
Automne;Fruits;Clémentine
Automne;Fruits;Kaki
Automne;Fruits;Kiwi
Automne;Fruits;Mandarine
Automne;Fruits;Orange
Automne;Fruits;Physalis
Automne;Fruits;Poire
Automne;Fruits;Pomme
Automne;Céréales & légumineuses;Féveroles et fèves
Automne;Céréales & légumineuses;Lentille
Automne;Céréales & légumineuses;Orge
Automne;Céréales & légumineuses;Pois
Automne;Céréales & légumineuses;Seigle
Hiver;Légumes;Ail
Hiver;Légumes;Betterave
Hiver;Légumes;Brocoli
Hiver;Légumes;Carotte
Hiver;Légumes;Céleri
Hiver;Légumes;Chou
Hiver;Légumes;Crosne
Hiver;Légumes;Endive
Hiver;Légumes;Épinard
Hiver;Légumes;Mâche
Hiver;Légumes;Navet
Hiver;Légumes;Panais
Hiver;Légumes;Patate douce
Hiver;Légumes;Poireau
Hiver;Légumes;Radis
Hiver;Légumes;Rutabaga
Hiver;Légumes;Salsifi
Hiver;Légumes;Topinambour
Hiver;Fruits;Amande sèche
Hiver;Fruits;Châtaigne
Hiver;Fruits;Citron
Hiver;Fruits;Clémentine
Hiver;Fruits;Kaki
Hiver;Fruits;Kiwi
Hiver;Fruits;Mandarine
Hiver;Fruits;Orange
Hiver;Fruits;Physalis
Hiver;Fruits;Poire
Hiver;Fruits;Pomme
Hiver;Céréales & légumineuses;Lentille
